vehicle_group_1_class,vehicle_group_1_num,vehicle_group_1_mileage,vehicle_group_2_class,vehicle_group_2_num,vehicle_group_2_mileage,vehicle_group_3_class,vehicle_group_3_num,vehicle_group_3_mileage,charger_group_1_num,charger_group_1_kw,charger_group_2_num,charger_group_2_kw,charging_behavior_startTime,charging_behavior_endTime,charging_behavior_days,year,month,fossil_fuel_price,fossil_fuel_multiplier,fossil_fuel_efficiency,transformer_capacity,total_vehicles,total daily miles driven,total_chargers,charging_days_count,tou_season,TDVEN,first_active_daily_tou_hours,total_month_tou_hours,scenario_1,scenario_2,scenario_3,scenario_4,fossil_fuel_average_mpg,adjusted_fossil_fuel_price,monthly_fossil_fuel_tc,error_checks
Heavy Duty Pickup & Van - Class 2B,1,200,,,,,,,2,20,,,21:00,9:00,"{'Monday': True, 'Tuesday': True, 'Wednesday': True, 'Thursday': True, 'Friday': True, 'Saturday': True, 'Sunday': True}",2025,6,,,,,1,200,2,30,Summer,183.49,"{'On-Peak': 0, 'Off-Peak': 3, 'Super Off-Peak': 9}","{'scenario_1': {'On-Peak': 0, 'Off-Peak': 153, 'Super Off-Peak': 207}, 'scenario_2': {'On-Peak': 0, 'Off-Peak': 153, 'Super Off-Peak': 207}, 'scenario_3': {'On-Peak': 0, 'Off-Peak': 90, 'Super Off-Peak': 60}, 'scenario_4': {'On-Peak': 0, 'Off-Peak': 90, 'Super Off-Peak': 60}}","{'power_requirement': 15.29051987767584, 'basic service fee': 213.3, 'subscription fee': 83.52, 'commodity distribution cost': 615.9977064220183, 'electric monthly tc': 912.8177064220183}","{'power_requirement': 15.29051987767584, 'basic service fee': 213.3, 'subscription fee': 83.52, 'commodity distribution cost': 615.9977064220183, 'electric monthly tc': 912.8177064220183}","{'power_requirement': 40, 'basic service fee': 213.3, 'subscription fee': 218.48, 'commodity distribution cost': 681.3599999999999, 'electric monthly tc': 1113.1399999999999}","{'power_requirement': 40, 'basic service fee': 213.3, 'subscription fee': 218.48, 'commodity distribution cost': 681.3599999999999, 'electric monthly tc': 1113.1399999999999}",15.1,4.3,1708.61,"{'charger_cover_scenarios_2_and_4_flag': 'true', 'charger_cover_scenarios_1_and_3_flag': 'true', 'available_transformer_capacity_flag': 'false'}"
Heavy Duty Pickup & Van - Class 2B,50,200,,,,,,,2,20,,,21:00,9:00,"{'Monday': True, 'Tuesday': True, 'Wednesday': True, 'Thursday': True, 'Friday': True, 'Saturday': True, 'Sunday': True}",2025,5,,,,,50,10000,2,31,Winter,9174.31,"{'On-Peak': 0, 'Off-Peak': 6, 'Super Off-Peak': 6}","{'scenario_1': {'On-Peak': 0, 'Off-Peak': 159, 'Super Off-Peak': 213}, 'scenario_2': {'On-Peak': 0, 'Off-Peak': 159, 'Super Off-Peak': 213}, 'scenario_3': {'On-Peak': 0, 'Off-Peak': 159, 'Super Off-Peak': 213}, 'scenario_4': {'On-Peak': 0, 'Off-Peak': 159, 'Super Off-Peak': 213}}","{'power_requirement': 764.525993883792, 'basic service fee': 766.91, 'subscription fee': 4176.15, 'commodity distribution cost': 31043.256880733945, 'electric monthly tc': 35986.316880733946}","{'power_requirement': 764.525993883792, 'basic service fee': 766.91, 'subscription fee': 4176.15, 'commodity distribution cost': 31043.256880733945, 'electric monthly tc': 35986.316880733946}","{'power_requirement': 40, 'basic service fee': 213.3, 'subscription fee': 218.48, 'commodity distribution cost': 1624.1832, 'electric monthly tc': 2055.9632}","{'power_requirement': 40, 'basic service fee': 213.3, 'subscription fee': 218.48, 'commodity distribution cost': 1624.1832, 'electric monthly tc': 2055.9632}",15.1,4.3,88278.15,"{'charger_cover_scenarios_2_and_4_flag': 'false', 'charger_cover_scenarios_1_and_3_flag': 'false', 'available_transformer_capacity_flag': 'false'}"
Heavy Duty Pickup & Van - Class 2B,14,100,,,,,,,2,20,,,9:00,21:00,"{'Monday': True, 'Tuesday': True, 'Wednesday': True, 'Thursday': True, 'Friday': True, 'Saturday': True, 'Sunday': True}",2025,6,,,,,14,1400,2,30,Summer,1284.4,"{'On-Peak': 5, 'Off-Peak': 2, 'Super Off-Peak': 5}","{'scenario_1': {'On-Peak': 150, 'Off-Peak': 165, 'Super Off-Peak': 45}, 'scenario_2': {'On-Peak': 0, 'Off-Peak': 165, 'Super Off-Peak': 45}, 'scenario_3': {'On-Peak': 150, 'Off-Peak': 165, 'Super Off-Peak': 45}, 'scenario_4': {'On-Peak': 0, 'Off-Peak': 165, 'Super Off-Peak': 45}}","{'power_requirement': 107.03363914373087, 'basic service fee': 213.3, 'subscription fee': 584.62, 'commodity distribution cost': 7044.006880733943, 'electric monthly tc': 7841.926880733943}","{'power_requirement': 183.48623853211006, 'basic service fee': 213.3, 'subscription fee': 1002.28, 'commodity distribution cost': 4443.3302752293575, 'electric monthly tc': 5658.9102752293575}","{'power_requirement': 40, 'basic service fee': 213.3, 'subscription fee': 218.48, 'commodity distribution cost': 2632.446, 'electric monthly tc': 3064.2259999999997}","{'power_requirement': 40, 'basic service fee': 213.3, 'subscription fee': 218.48, 'commodity distribution cost': 968.646, 'electric monthly tc': 1400.426}",15.1,4.3,11960.26,"{'charger_cover_scenarios_2_and_4_flag': 'false', 'charger_cover_scenarios_1_and_3_flag': 'false', 'available_transformer_capacity_flag': 'false'}"
Heavy Duty Pickup & Van - Class 2B,30,100,,,,,,,2,20,,,9:00,21:00,"{'Monday': True, 'Tuesday': True, 'Wednesday': True, 'Thursday': True, 'Friday': True, 'Saturday': True, 'Sunday': True}",2025,5,,,,,30,3000,2,31,Winter,2752.29,"{'On-Peak': 5, 'Off-Peak': 7, 'Super Off-Peak': 0}","{'scenario_1': {'On-Peak': 155, 'Off-Peak': 172, 'Super Off-Peak': 45}, 'scenario_2': {'On-Peak': 0, 'Off-Peak': 172, 'Super Off-Peak': 45}, 'scenario_3': {'On-Peak': 155, 'Off-Peak': 172, 'Super Off-Peak': 45}, 'scenario_4': {'On-Peak': 0, 'Off-Peak': 172, 'Super Off-Peak': 45}}","{'power_requirement': 229.3577981651376, 'basic service fee': 213.3, 'subscription fee': 1252.85, 'commodity distribution cost': 15917.518348623853, 'electric monthly tc': 17383.668348623854}","{'power_requirement': 393.1847968545216, 'basic service fee': 213.3, 'subscription fee': 2147.74, 'commodity distribution cost': 9758.563564875492, 'electric monthly tc': 12119.603564875491}","{'power_requirement': 40, 'basic service fee': 213.3, 'subscription fee': 218.48, 'commodity distribution cost': 2776.0152000000003, 'electric monthly tc': 3207.7952000000005}","{'power_requirement': 40, 'basic service fee': 213.3, 'subscription fee': 218.48, 'commodity distribution cost': 992.7712, 'electric monthly tc': 1424.5511999999999}",15.1,4.3,26483.44,"{'charger_cover_scenarios_2_and_4_flag': 'false', 'charger_cover_scenarios_1_and_3_flag': 'false', 'available_transformer_capacity_flag': 'false'}"
Heavy Duty Pickup & Van - Class 2B,5,100,,,,,,,2,20,,,16:00,21:00,"{'Monday': True, 'Tuesday': True, 'Wednesday': True, 'Thursday': True, 'Friday': True, 'Saturday': False, 'Sunday': False}",2025,5,,,,,5,500,2,22,Winter,458.72,"{'On-Peak': 5, 'Off-Peak': 0, 'Super Off-Peak': 0}","{'scenario_1': {'On-Peak': 110, 'Off-Peak': 0, 'Super Off-Peak': 0}, 'scenario_2': {'On-Peak': 0, 'Off-Peak': 0, 'Super Off-Peak': 0}, 'scenario_3': {'On-Peak': 110, 'Off-Peak': 0, 'Super Off-Peak': 0}, 'scenario_4': {'On-Peak': 0, 'Off-Peak': 0, 'Super Off-Peak': 0}}","{'power_requirement': 91.74311926605505, 'basic service fee': 213.3, 'subscription fee': 501.11, 'commodity distribution cost': 2902.587155963303, 'electric monthly tc': 3616.997155963303}","{'power_requirement': 0, 'basic service fee': 213.3, 'subscription fee': 0.0, 'commodity distribution cost': 0.0, 'electric monthly tc': 213.3}","{'power_requirement': 40, 'basic service fee': 213.3, 'subscription fee': 218.48, 'commodity distribution cost': 1265.528, 'electric monthly tc': 1697.308}","{'power_requirement': 40, 'basic service fee': 213.3, 'subscription fee': 218.48, 'commodity distribution cost': 0.0, 'electric monthly tc': 431.78}",15.1,4.3,3132.45,"{'charger_cover_scenarios_2_and_4_flag': 'false', 'charger_cover_scenarios_1_and_3_flag': 'false', 'available_transformer_capacity_flag': 'false'}"
Heavy Duty Pickup & Van - Class 2B,5,100,,,,,,,4,50,,,6:00,15:59,"{'Monday': True, 'Tuesday': True, 'Wednesday': True, 'Thursday': True, 'Friday': True, 'Saturday': False, 'Sunday': False}",2025,5,,,,,5,500,4,22,Winter,458.72,"{'On-Peak': 0, 'Off-Peak': 10, 'Super Off-Peak': 0}","{'scenario_1': {'On-Peak': 0, 'Off-Peak': 220, 'Super Off-Peak': 0}, 'scenario_2': {'On-Peak': 0, 'Off-Peak': 220, 'Super Off-Peak': 0}, 'scenario_3': {'On-Peak': 0, 'Off-Peak': 66, 'Super Off-Peak': 0}, 'scenario_4': {'On-Peak': 0, 'Off-Peak': 66, 'Super Off-Peak': 0}}","{'power_requirement': 45.87155963302752, 'basic service fee': 213.3, 'subscription fee': 250.56, 'commodity distribution cost': 1184.165137614679, 'electric monthly tc': 1648.025137614679}","{'power_requirement': 45.87155963302752, 'basic service fee': 213.3, 'subscription fee': 250.56, 'commodity distribution cost': 1184.165137614679, 'electric monthly tc': 1648.025137614679}","{'power_requirement': 200, 'basic service fee': 213.3, 'subscription fee': 1092.48, 'commodity distribution cost': 1548.888, 'electric monthly tc': 2854.6679999999997}","{'power_requirement': 200, 'basic service fee': 213.3, 'subscription fee': 1092.48, 'commodity distribution cost': 1548.888, 'electric monthly tc': 2854.6679999999997}",15.1,4.3,3132.45,"{'charger_cover_scenarios_2_and_4_flag': 'true', 'charger_cover_scenarios_1_and_3_flag': 'true', 'available_transformer_capacity_flag': 'false'}"
Heavy Duty Pickup & Van - Class 2B,5,100,,,,,,,4,50,,,0:00,5:59,"{'Monday': True, 'Tuesday': True, 'Wednesday': True, 'Thursday': True, 'Friday': True, 'Saturday': False, 'Sunday': False}",2025,5,,,,,5,500,4,22,Winter,458.72,"{'On-Peak': 0, 'Off-Peak': 0, 'Super Off-Peak': 6}","{'scenario_1': {'On-Peak': 0, 'Off-Peak': 0, 'Super Off-Peak': 132}, 'scenario_2': {'On-Peak': 0, 'Off-Peak': 0, 'Super Off-Peak': 132}, 'scenario_3': {'On-Peak': 0, 'Off-Peak': 0, 'Super Off-Peak': 66}, 'scenario_4': {'On-Peak': 0, 'Off-Peak': 0, 'Super Off-Peak': 66}}","{'power_requirement': 76.4525993883792, 'basic service fee': 213.3, 'subscription fee': 417.59, 'commodity distribution cost': 1039.8532110091742, 'electric monthly tc': 1670.743211009174}","{'power_requirement': 76.4525993883792, 'basic service fee': 213.3, 'subscription fee': 417.59, 'commodity distribution cost': 1039.8532110091742, 'electric monthly tc': 1670.743211009174}","{'power_requirement': 200, 'basic service fee': 213.3, 'subscription fee': 1092.48, 'commodity distribution cost': 1360.1280000000002, 'electric monthly tc': 2665.9080000000004}","{'power_requirement': 200, 'basic service fee': 213.3, 'subscription fee': 1092.48, 'commodity distribution cost': 1360.1280000000002, 'electric monthly tc': 2665.9080000000004}",15.1,4.3,3132.45,"{'charger_cover_scenarios_2_and_4_flag': 'true', 'charger_cover_scenarios_1_and_3_flag': 'true', 'available_transformer_capacity_flag': 'false'}"
Heavy Duty Pickup & Van - Class 2B,5,100,,,,,,,4,50,,,16:00,21:00,"{'Monday': False, 'Tuesday': False, 'Wednesday': False, 'Thursday': False, 'Friday': False, 'Saturday': True, 'Sunday': True}",2025,5,,,,,5,500,4,9,Winter,458.72,"{'On-Peak': 5, 'Off-Peak': 0, 'Super Off-Peak': 0}","{'scenario_1': {'On-Peak': 45, 'Off-Peak': 0, 'Super Off-Peak': 0}, 'scenario_2': {'On-Peak': 0, 'Off-Peak': 0, 'Super Off-Peak': 0}, 'scenario_3': {'On-Peak': 27, 'Off-Peak': 0, 'Super Off-Peak': 0}, 'scenario_4': {'On-Peak': 0, 'Off-Peak': 0, 'Super Off-Peak': 0}}","{'power_requirement': 91.74311926605505, 'basic service fee': 213.3, 'subscription fee': 501.11, 'commodity distribution cost': 1187.4220183486239, 'electric monthly tc': 1901.832018348624}","{'power_requirement': 0, 'basic service fee': 213.3, 'subscription fee': 0.0, 'commodity distribution cost': 0.0, 'electric monthly tc': 213.3}","{'power_requirement': 200, 'basic service fee': 213.3, 'subscription fee': 1092.48, 'commodity distribution cost': 1553.148, 'electric monthly tc': 2858.928}","{'power_requirement': 200, 'basic service fee': 213.3, 'subscription fee': 1092.48, 'commodity distribution cost': 0.0, 'electric monthly tc': 1305.78}",15.1,4.3,1281.46,"{'charger_cover_scenarios_2_and_4_flag': 'true', 'charger_cover_scenarios_1_and_3_flag': 'false', 'available_transformer_capacity_flag': 'false'}"
Heavy Duty Pickup & Van - Class 2B,5,100,,,,,,,4,50,,,21:00,23:59,"{'Monday': False, 'Tuesday': False, 'Wednesday': False, 'Thursday': False, 'Friday': False, 'Saturday': True, 'Sunday': True}",2025,5,,,,,5,500,4,9,Winter,458.72,"{'On-Peak': 0, 'Off-Peak': 3, 'Super Off-Peak': 0}","{'scenario_1': {'On-Peak': 0, 'Off-Peak': 27, 'Super Off-Peak': 0}, 'scenario_2': {'On-Peak': 0, 'Off-Peak': 27, 'Super Off-Peak': 0}, 'scenario_3': {'On-Peak': 0, 'Off-Peak': 27, 'Super Off-Peak': 0}, 'scenario_4': {'On-Peak': 0, 'Off-Peak': 27, 'Super Off-Peak': 0}}","{'power_requirement': 152.9051987767584, 'basic service fee': 213.3, 'subscription fee': 835.23, 'commodity distribution cost': 484.43119266055044, 'electric monthly tc': 1532.9611926605503}","{'power_requirement': 152.9051987767584, 'basic service fee': 213.3, 'subscription fee': 835.23, 'commodity distribution cost': 484.43119266055044, 'electric monthly tc': 1532.9611926605503}","{'power_requirement': 200, 'basic service fee': 213.3, 'subscription fee': 1092.48, 'commodity distribution cost': 633.636, 'electric monthly tc': 1939.416}","{'power_requirement': 200, 'basic service fee': 213.3, 'subscription fee': 1092.48, 'commodity distribution cost': 633.636, 'electric monthly tc': 1939.416}",15.1,4.3,1281.46,"{'charger_cover_scenarios_2_and_4_flag': 'true', 'charger_cover_scenarios_1_and_3_flag': 'true', 'available_transformer_capacity_flag': 'false'}"
Heavy Duty Pickup & Van - Class 2B,5,100,,,,,,,4,50,,,0:00,13:59,"{'Monday': False, 'Tuesday': False, 'Wednesday': False, 'Thursday': False, 'Friday': False, 'Saturday': True, 'Sunday': True}",2025,5,,,,,5,500,4,9,Winter,458.72,"{'On-Peak': 0, 'Off-Peak': 0, 'Super Off-Peak': 14}","{'scenario_1': {'On-Peak': 0, 'Off-Peak': 0, 'Super Off-Peak': 126}, 'scenario_2': {'On-Peak': 0, 'Off-Peak': 0, 'Super Off-Peak': 126}, 'scenario_3': {'On-Peak': 0, 'Off-Peak': 0, 'Super Off-Peak': 27}, 'scenario_4': {'On-Peak': 0, 'Off-Peak': 0, 'Super Off-Peak': 27}}","{'power_requirement': 32.7653997378768, 'basic service fee': 213.3, 'subscription fee': 178.97, 'commodity distribution cost': 425.39449541284404, 'electric monthly tc': 817.664495412844}","{'power_requirement': 32.7653997378768, 'basic service fee': 213.3, 'subscription fee': 178.97, 'commodity distribution cost': 425.39449541284404, 'electric monthly tc': 817.664495412844}","{'power_requirement': 200, 'basic service fee': 213.3, 'subscription fee': 1092.48, 'commodity distribution cost': 556.416, 'electric monthly tc': 1862.196}","{'power_requirement': 200, 'basic service fee': 213.3, 'subscription fee': 1092.48, 'commodity distribution cost': 556.416, 'electric monthly tc': 1862.196}",15.1,4.3,1281.46,"{'charger_cover_scenarios_2_and_4_flag': 'true', 'charger_cover_scenarios_1_and_3_flag': 'true', 'available_transformer_capacity_flag': 'false'}"
Shuttle Bus - Class 3-5,5,80,Delivery Van - Class 3-5,15,50,Service Van - Class 3-5,5,150,5,100,6,150,21:00,9:00,"{'Monday': True, 'Tuesday': True, 'Wednesday': True, 'Thursday': True, 'Friday': True, 'Saturday': True, 'Sunday': True}",2025,6,,,,,25,1900,11,30,Summer,1454.68,"{'On-Peak': 0, 'Off-Peak': 3, 'Super Off-Peak': 9}","{'scenario_1': {'On-Peak': 0, 'Off-Peak': 153, 'Super Off-Peak': 207}, 'scenario_2': {'On-Peak': 0, 'Off-Peak': 153, 'Super Off-Peak': 207}, 'scenario_3': {'On-Peak': 0, 'Off-Peak': 60, 'Super Off-Peak': 0}, 'scenario_4': {'On-Peak': 0, 'Off-Peak': 60, 'Super Off-Peak': 0}}","{'power_requirement': 121.22324658018549, 'basic service fee': 213.3, 'subscription fee': 662.13, 'commodity distribution cost': 4883.630017540998, 'electric monthly tc': 5759.060017540998}","{'power_requirement': 121.22324658018549, 'basic service fee': 213.3, 'subscription fee': 662.13, 'commodity distribution cost': 4883.630017540998, 'electric monthly tc': 5759.060017540998}","{'power_requirement': 1400, 'basic service fee': 766.91, 'subscription fee': 7647.36, 'commodity distribution cost': 9856.56, 'electric monthly tc': 18270.83}","{'power_requirement': 1400, 'basic service fee': 766.91, 'subscription fee': 7647.36, 'commodity distribution cost': 9856.56, 'electric monthly tc': 18270.83}",9.612,4.3,25499.38,"{'charger_cover_scenarios_2_and_4_flag': 'true', 'charger_cover_scenarios_1_and_3_flag': 'true', 'available_transformer_capacity_flag': 'false'}"
Box Truck (Freight) - Class 3-5,10,200,Stake Truck - Class 3-5,500,100,Stake Truck - Class 6-7,15,80,5,100,6,150,21:00,9:00,"{'Monday': True, 'Tuesday': True, 'Wednesday': True, 'Thursday': True, 'Friday': True, 'Saturday': True, 'Sunday': True}",2025,5,,,,,525,53200,11,31,Winter,44625.86,"{'On-Peak': 0, 'Off-Peak': 6, 'Super Off-Peak': 6}","{'scenario_1': {'On-Peak': 0, 'Off-Peak': 159, 'Super Off-Peak': 213}, 'scenario_2': {'On-Peak': 0, 'Off-Peak': 159, 'Super Off-Peak': 213}, 'scenario_3': {'On-Peak': 0, 'Off-Peak': 159, 'Super Off-Peak': 213}, 'scenario_4': {'On-Peak': 0, 'Off-Peak': 159, 'Super Off-Peak': 213}}","{'power_requirement': 3718.8218880331065, 'basic service fee': 766.91, 'subscription fee': 20313.7, 'commodity distribution cost': 151001.2008583913, 'electric monthly tc': 172081.81085839128}","{'power_requirement': 3718.8218880331065, 'basic service fee': 766.91, 'subscription fee': 20313.7, 'commodity distribution cost': 151001.2008583913, 'electric monthly tc': 172081.81085839128}","{'power_requirement': 1400, 'basic service fee': 766.91, 'subscription fee': 7647.36, 'commodity distribution cost': 56846.412, 'electric monthly tc': 65260.682}","{'power_requirement': 1400, 'basic service fee': 766.91, 'subscription fee': 7647.36, 'commodity distribution cost': 56846.412, 'electric monthly tc': 65260.682}",10.450476190476191,4.3,678587.26,"{'charger_cover_scenarios_2_and_4_flag': 'false', 'charger_cover_scenarios_1_and_3_flag': 'false', 'available_transformer_capacity_flag': 'false'}"
Box Truck (Freight) - Class 6-7,5,50,Delivery Truck - Class 6-7,100,150,Service Truck - Class 6-7,5,200,6,150,6,150,9:00,21:00,"{'Monday': True, 'Tuesday': True, 'Wednesday': True, 'Thursday': True, 'Friday': True, 'Saturday': True, 'Sunday': True}",2025,6,,,,,110,16250,12,30,Summer,10496.19,"{'On-Peak': 5, 'Off-Peak': 2, 'Super Off-Peak': 5}","{'scenario_1': {'On-Peak': 150, 'Off-Peak': 165, 'Super Off-Peak': 45}, 'scenario_2': {'On-Peak': 0, 'Off-Peak': 165, 'Super Off-Peak': 45}, 'scenario_3': {'On-Peak': 0, 'Off-Peak': 135, 'Super Off-Peak': 45}, 'scenario_4': {'On-Peak': 0, 'Off-Peak': 135, 'Super Off-Peak': 45}}","{'power_requirement': 874.6826463560336, 'basic service fee': 766.91, 'subscription fee': 4777.87, 'commodity distribution cost': 57563.870841733886, 'electric monthly tc': 63108.650841733885}","{'power_requirement': 1499.455965181772, 'basic service fee': 766.91, 'subscription fee': 8190.63, 'commodity distribution cost': 36311.05057123656, 'electric monthly tc': 45268.590571236564}","{'power_requirement': 1800, 'basic service fee': 766.91, 'subscription fee': 9832.32, 'commodity distribution cost': 37252.71, 'electric monthly tc': 47851.94}","{'power_requirement': 1800, 'basic service fee': 766.91, 'subscription fee': 9832.32, 'commodity distribution cost': 37252.71, 'electric monthly tc': 47851.94}",8.127272727272727,4.3,257927.85,"{'charger_cover_scenarios_2_and_4_flag': 'true', 'charger_cover_scenarios_1_and_3_flag': 'true', 'available_transformer_capacity_flag': 'false'}"
School Bus - Class 7,15,100,,,,,,,6,150,4,50,9:00,21:00,"{'Monday': True, 'Tuesday': True, 'Wednesday': True, 'Thursday': True, 'Friday': True, 'Saturday': True, 'Sunday': True}",2025,5,,,,,15,1500,10,31,Winter,980.39,"{'On-Peak': 5, 'Off-Peak': 7, 'Super Off-Peak': 0}","{'scenario_1': {'On-Peak': 155, 'Off-Peak': 172, 'Super Off-Peak': 45}, 'scenario_2': {'On-Peak': 0, 'Off-Peak': 172, 'Super Off-Peak': 45}, 'scenario_3': {'On-Peak': 0, 'Off-Peak': 22, 'Super Off-Peak': 9}, 'scenario_4': {'On-Peak': 0, 'Off-Peak': 22, 'Super Off-Peak': 9}}","{'power_requirement': 81.69934640522875, 'basic service fee': 213.3, 'subscription fee': 446.25, 'commodity distribution cost': 5669.96568627451, 'electric monthly tc': 6329.51568627451}","{'power_requirement': 140.05602240896357, 'basic service fee': 213.3, 'subscription fee': 764.99, 'commodity distribution cost': 3476.0896358543414, 'electric monthly tc': 4454.379635854341}","{'power_requirement': 1100, 'basic service fee': 766.91, 'subscription fee': 6008.64, 'commodity distribution cost': 3859.724, 'electric monthly tc': 10635.274000000001}","{'power_requirement': 1100, 'basic service fee': 766.91, 'subscription fee': 6008.64, 'commodity distribution cost': 3859.724, 'electric monthly tc': 10635.274000000001}",8.16,4.3,24503.68,"{'charger_cover_scenarios_2_and_4_flag': 'true', 'charger_cover_scenarios_1_and_3_flag': 'true', 'available_transformer_capacity_flag': 'false'}"
Regional Haul Tractor - Class 7-8,5,80,,,,,,,6,150,4,50,16:00,21:00,"{'Monday': True, 'Tuesday': True, 'Wednesday': True, 'Thursday': True, 'Friday': True, 'Saturday': False, 'Sunday': False}",2025,5,,,,,5,400,10,22,Winter,186.92,"{'On-Peak': 5, 'Off-Peak': 0, 'Super Off-Peak': 0}","{'scenario_1': {'On-Peak': 110, 'Off-Peak': 0, 'Super Off-Peak': 0}, 'scenario_2': {'On-Peak': 0, 'Off-Peak': 0, 'Super Off-Peak': 0}, 'scenario_3': {'On-Peak': 22, 'Off-Peak': 0, 'Super Off-Peak': 0}, 'scenario_4': {'On-Peak': 0, 'Off-Peak': 0, 'Super Off-Peak': 0}}","{'power_requirement': 37.38317757009345, 'basic service fee': 213.3, 'subscription fee': 204.19, 'commodity distribution cost': 1182.7364485981304, 'electric monthly tc': 1600.2264485981304}","{'power_requirement': 0, 'basic service fee': 213.3, 'subscription fee': 0.0, 'commodity distribution cost': 0.0, 'electric monthly tc': 213.3}","{'power_requirement': 1100, 'basic service fee': 766.91, 'subscription fee': 6008.64, 'commodity distribution cost': 6960.4039999999995, 'electric monthly tc': 13735.954}","{'power_requirement': 1100, 'basic service fee': 766.91, 'subscription fee': 6008.64, 'commodity distribution cost': 0.0, 'electric monthly tc': 6775.55}",5.85,4.3,6468.38,"{'charger_cover_scenarios_2_and_4_flag': 'true', 'charger_cover_scenarios_1_and_3_flag': 'false', 'available_transformer_capacity_flag': 'false'}"
Box Truck (Freight) - Class 8,10,50,,,,,,,3,30,4,50,6:00,15:59,"{'Monday': True, 'Tuesday': True, 'Wednesday': True, 'Thursday': True, 'Friday': True, 'Saturday': False, 'Sunday': False}",2025,5,,,,,10,500,7,22,Winter,299.4,"{'On-Peak': 0, 'Off-Peak': 10, 'Super Off-Peak': 0}","{'scenario_1': {'On-Peak': 0, 'Off-Peak': 220, 'Super Off-Peak': 0}, 'scenario_2': {'On-Peak': 0, 'Off-Peak': 220, 'Super Off-Peak': 0}, 'scenario_3': {'On-Peak': 0, 'Off-Peak': 44, 'Super Off-Peak': 0}, 'scenario_4': {'On-Peak': 0, 'Off-Peak': 44, 'Super Off-Peak': 0}}","{'power_requirement': 29.940119760479043, 'basic service fee': 213.3, 'subscription fee': 163.54, 'commodity distribution cost': 772.8982035928144, 'electric monthly tc': 1149.7382035928144}","{'power_requirement': 29.940119760479043, 'basic service fee': 213.3, 'subscription fee': 163.54, 'commodity distribution cost': 772.8982035928144, 'electric monthly tc': 1149.7382035928144}","{'power_requirement': 290, 'basic service fee': 213.3, 'subscription fee': 1584.1, 'commodity distribution cost': 1497.2584, 'electric monthly tc': 3294.6584}","{'power_requirement': 290, 'basic service fee': 213.3, 'subscription fee': 1584.1, 'commodity distribution cost': 1497.2584, 'electric monthly tc': 3294.6584}",7.5,4.3,6306.67,"{'charger_cover_scenarios_2_and_4_flag': 'true', 'charger_cover_scenarios_1_and_3_flag': 'true', 'available_transformer_capacity_flag': 'false'}"
Long Haul Tractor - Class 8,5,150,,,,,,,3,30,5,100,0:00,5:59,"{'Monday': True, 'Tuesday': True, 'Wednesday': True, 'Thursday': True, 'Friday': True, 'Saturday': False, 'Sunday': False}",2025,5,,,,,5,750,8,22,Winter,348.84,"{'On-Peak': 0, 'Off-Peak': 0, 'Super Off-Peak': 6}","{'scenario_1': {'On-Peak': 0, 'Off-Peak': 0, 'Super Off-Peak': 132}, 'scenario_2': {'On-Peak': 0, 'Off-Peak': 0, 'Super Off-Peak': 132}, 'scenario_3': {'On-Peak': 0, 'Off-Peak': 0, 'Super Off-Peak': 22}, 'scenario_4': {'On-Peak': 0, 'Off-Peak': 0, 'Super Off-Peak': 22}}","{'power_requirement': 58.139534883720934, 'basic service fee': 213.3, 'subscription fee': 317.56, 'commodity distribution cost': 790.7720930232559, 'electric monthly tc': 1321.632093023256}","{'power_requirement': 58.139534883720934, 'basic service fee': 213.3, 'subscription fee': 317.56, 'commodity distribution cost': 790.7720930232559, 'electric monthly tc': 1321.632093023256}","{'power_requirement': 590, 'basic service fee': 766.91, 'subscription fee': 3222.82, 'commodity distribution cost': 1337.4592, 'electric monthly tc': 5327.1892}","{'power_requirement': 590, 'basic service fee': 766.91, 'subscription fee': 3222.82, 'commodity distribution cost': 1337.4592, 'electric monthly tc': 5327.1892}",5.83,4.3,12169.81,"{'charger_cover_scenarios_2_and_4_flag': 'true', 'charger_cover_scenarios_1_and_3_flag': 'true', 'available_transformer_capacity_flag': 'false'}"
Transit Bus - Class 8,150,200,,,,,,,3,30,5,100,16:00,21:00,"{'Monday': False, 'Tuesday': False, 'Wednesday': False, 'Thursday': False, 'Friday': False, 'Saturday': True, 'Sunday': True}",2025,5,,,,,150,30000,8,9,Winter,14851.49,"{'On-Peak': 5, 'Off-Peak': 0, 'Super Off-Peak': 0}","{'scenario_1': {'On-Peak': 45, 'Off-Peak': 0, 'Super Off-Peak': 0}, 'scenario_2': {'On-Peak': 0, 'Off-Peak': 0, 'Super Off-Peak': 0}, 'scenario_3': {'On-Peak': 45, 'Off-Peak': 0, 'Super Off-Peak': 0}, 'scenario_4': {'On-Peak': 0, 'Off-Peak': 0, 'Super Off-Peak': 0}}","{'power_requirement': 2970.2970297029706, 'basic service fee': 766.91, 'subscription fee': 16224.96, 'commodity distribution cost': 38444.25742574258, 'electric monthly tc': 55436.12742574258}","{'power_requirement': 0, 'basic service fee': 213.3, 'subscription fee': 0.0, 'commodity distribution cost': 0.0, 'electric monthly tc': 213.3}","{'power_requirement': 590, 'basic service fee': 766.91, 'subscription fee': 3222.82, 'commodity distribution cost': 7636.311, 'electric monthly tc': 11626.041}","{'power_requirement': 590, 'basic service fee': 766.91, 'subscription fee': 3222.82, 'commodity distribution cost': 0.0, 'electric monthly tc': 3989.73}",6.19,4.3,187560.58,"{'charger_cover_scenarios_2_and_4_flag': 'false', 'charger_cover_scenarios_1_and_3_flag': 'false', 'available_transformer_capacity_flag': 'false'}"
Refuse Hauler - Class 8,20,100,,,,,,,1,40,6,150,21:00,23:59,"{'Monday': False, 'Tuesday': False, 'Wednesday': False, 'Thursday': False, 'Friday': False, 'Saturday': True, 'Sunday': True}",2025,5,,,,,20,2000,7,9,Winter,913.24,"{'On-Peak': 0, 'Off-Peak': 3, 'Super Off-Peak': 0}","{'scenario_1': {'On-Peak': 0, 'Off-Peak': 27, 'Super Off-Peak': 0}, 'scenario_2': {'On-Peak': 0, 'Off-Peak': 27, 'Super Off-Peak': 0}, 'scenario_3': {'On-Peak': 0, 'Off-Peak': 9, 'Super Off-Peak': 0}, 'scenario_4': {'On-Peak': 0, 'Off-Peak': 9, 'Super Off-Peak': 0}}","{'power_requirement': 304.41400304414003, 'basic service fee': 213.3, 'subscription fee': 1662.84, 'commodity distribution cost': 964.4383561643834, 'electric monthly tc': 2840.5783561643834}","{'power_requirement': 304.41400304414003, 'basic service fee': 213.3, 'subscription fee': 1662.84, 'commodity distribution cost': 964.4383561643834, 'electric monthly tc': 2840.5783561643834}","{'power_requirement': 940, 'basic service fee': 766.91, 'subscription fee': 5134.66, 'commodity distribution cost': 992.6964, 'electric monthly tc': 6894.2663999999995}","{'power_requirement': 940, 'basic service fee': 766.91, 'subscription fee': 5134.66, 'commodity distribution cost': 992.6964, 'electric monthly tc': 6894.2663999999995}",5.72,4.3,13531.47,"{'charger_cover_scenarios_2_and_4_flag': 'true', 'charger_cover_scenarios_1_and_3_flag': 'true', 'available_transformer_capacity_flag': 'false'}"
Dump Truck - Class 8,200,80,,,,,,,1,40,6,150,0:00,13:59,"{'Monday': False, 'Tuesday': False, 'Wednesday': False, 'Thursday': False, 'Friday': False, 'Saturday': True, 'Sunday': True}",2025,5,,,,,200,16000,7,9,Winter,8839.78,"{'On-Peak': 0, 'Off-Peak': 0, 'Super Off-Peak': 14}","{'scenario_1': {'On-Peak': 0, 'Off-Peak': 0, 'Super Off-Peak': 126}, 'scenario_2': {'On-Peak': 0, 'Off-Peak': 0, 'Super Off-Peak': 126}, 'scenario_3': {'On-Peak': 0, 'Off-Peak': 0, 'Super Off-Peak': 90}, 'scenario_4': {'On-Peak': 0, 'Off-Peak': 0, 'Super Off-Peak': 90}}","{'power_requirement': 631.4127861089188, 'basic service fee': 766.91, 'subscription fee': 3449.03, 'commodity distribution cost': 8197.657458563537, 'electric monthly tc': 12413.597458563538}","{'power_requirement': 631.4127861089188, 'basic service fee': 766.91, 'subscription fee': 3449.03, 'commodity distribution cost': 8197.657458563537, 'electric monthly tc': 12413.597458563538}","{'power_requirement': 940, 'basic service fee': 766.91, 'subscription fee': 5134.66, 'commodity distribution cost': 8717.184000000001, 'electric monthly tc': 14618.754}","{'power_requirement': 940, 'basic service fee': 766.91, 'subscription fee': 5134.66, 'commodity distribution cost': 8717.184000000001, 'electric monthly tc': 14618.754}",6.9,4.3,89739.13,"{'charger_cover_scenarios_2_and_4_flag': 'true', 'charger_cover_scenarios_1_and_3_flag': 'true', 'available_transformer_capacity_flag': 'false'}"
Heavy Duty Pickup & Van - Class 3,1,10,,,,,,,1,40,4,50,21:00,6:00,"{'Monday': False, 'Tuesday': False, 'Wednesday': True, 'Thursday': False, 'Friday': False, 'Saturday': False, 'Sunday': False}",2032,5,,,,,1,10,5,4,Winter,9.17,"{'On-Peak': 0, 'Off-Peak': 3, 'Super Off-Peak': 6}","{'scenario_1': {'On-Peak': 0, 'Off-Peak': 12, 'Super Off-Peak': 24}, 'scenario_2': {'On-Peak': 0, 'Off-Peak': 12, 'Super Off-Peak': 24}, 'scenario_3': {'On-Peak': 0, 'Off-Peak': 4, 'Super Off-Peak': 0}, 'scenario_4': {'On-Peak': 0, 'Off-Peak': 4, 'Super Off-Peak': 0}}","{'power_requirement': 1.019367991845056, 'basic service fee': 213.3, 'subscription fee': 14.82, 'commodity distribution cost': 5.865688073394496, 'electric monthly tc': 233.9856880733945}","{'power_requirement': 1.019367991845056, 'basic service fee': 213.3, 'subscription fee': 14.82, 'commodity distribution cost': 5.865688073394496, 'electric monthly tc': 233.9856880733945}","{'power_requirement': 240, 'basic service fee': 213.3, 'subscription fee': 3488.93, 'commodity distribution cost': 171.51360000000003, 'electric monthly tc': 3873.7436000000002}","{'power_requirement': 240, 'basic service fee': 213.3, 'subscription fee': 3488.93, 'commodity distribution cost': 171.51360000000003, 'electric monthly tc': 3873.7436000000002}",11.5,4.71,16.38,"{'charger_cover_scenarios_2_and_4_flag': 'true', 'charger_cover_scenarios_1_and_3_flag': 'true', 'available_transformer_capacity_flag': 'false'}"
Shuttle Bus - Class 3-5,5,500,,,,,,,1,40,4,50,21:00,6:00,"{'Monday': True, 'Tuesday': False, 'Wednesday': True, 'Thursday': False, 'Friday': True, 'Saturday': False, 'Sunday': False}",2032,10,,,,,5,2500,5,13,Summer,1213.59,"{'On-Peak': 0, 'Off-Peak': 3, 'Super Off-Peak': 6}","{'scenario_1': {'On-Peak': 0, 'Off-Peak': 39, 'Super Off-Peak': 78}, 'scenario_2': {'On-Peak': 0, 'Off-Peak': 39, 'Super Off-Peak': 78}, 'scenario_3': {'On-Peak': 0, 'Off-Peak': 39, 'Super Off-Peak': 39}, 'scenario_4': {'On-Peak': 0, 'Off-Peak': 39, 'Super Off-Peak': 39}}","{'power_requirement': 134.8435814455232, 'basic service fee': 213.3, 'subscription fee': 1959.82, 'commodity distribution cost': 2650.3802588996764, 'electric monthly tc': 4823.500258899676}","{'power_requirement': 134.8435814455232, 'basic service fee': 213.3, 'subscription fee': 1959.82, 'commodity distribution cost': 2650.3802588996764, 'electric monthly tc': 4823.500258899676}","{'power_requirement': 240, 'basic service fee': 213.3, 'subscription fee': 3488.93, 'commodity distribution cost': 3219.3720000000003, 'electric monthly tc': 6921.602000000001}","{'power_requirement': 240, 'basic service fee': 213.3, 'subscription fee': 3488.93, 'commodity distribution cost': 3219.3720000000003, 'electric monthly tc': 6921.602000000001}",6.06,4.71,25260.7,"{'charger_cover_scenarios_2_and_4_flag': 'true', 'charger_cover_scenarios_1_and_3_flag': 'true', 'available_transformer_capacity_flag': 'false'}"
Heavy Duty Pickup & Van - Class 3,1,250,Delivery Van - Class 3-5,15,50,,,,5,100,4,50,21:00,9:00,"{'Monday': True, 'Tuesday': True, 'Wednesday': True, 'Thursday': True, 'Friday': True, 'Saturday': True, 'Sunday': True}",2026,1,,,,,16,1000,9,31,Winter,859.61,"{'On-Peak': 0, 'Off-Peak': 6, 'Super Off-Peak': 6}","{'scenario_1': {'On-Peak': 0, 'Off-Peak': 159, 'Super Off-Peak': 213}, 'scenario_2': {'On-Peak': 0, 'Off-Peak': 159, 'Super Off-Peak': 213}, 'scenario_3': {'On-Peak': 0, 'Off-Peak': 62, 'Super Off-Peak': 0}, 'scenario_4': {'On-Peak': 0, 'Off-Peak': 62, 'Super Off-Peak': 0}}","{'power_requirement': 71.63415825045615, 'basic service fee': 213.3, 'subscription fee': 484.11, 'commodity distribution cost': 3111.747002929613, 'electric monthly tc': 3809.1570029296126}","{'power_requirement': 71.63415825045615, 'basic service fee': 213.3, 'subscription fee': 484.11, 'commodity distribution cost': 3111.747002929613, 'electric monthly tc': 3809.1570029296126}","{'power_requirement': 700, 'basic service fee': 766.91, 'subscription fee': 4731.16, 'commodity distribution cost': 5472.74, 'electric monthly tc': 10970.81}","{'power_requirement': 700, 'basic service fee': 766.91, 'subscription fee': 4731.16, 'commodity distribution cost': 5472.74, 'electric monthly tc': 10970.81}",10.5625,4.36,12785.44,"{'charger_cover_scenarios_2_and_4_flag': 'true', 'charger_cover_scenarios_1_and_3_flag': 'true', 'available_transformer_capacity_flag': 'false'}"
Heavy Duty Pickup & Van - Class 3,50,250,Stake Truck - Class 3-5,500,100,,,,5,100,5,100,21:00,9:00,"{'Monday': True, 'Tuesday': True, 'Wednesday': True, 'Thursday': True, 'Friday': True, 'Saturday': True, 'Sunday': True}",2026,2,,,,,550,62500,10,28,Winter,53484.7,"{'On-Peak': 0, 'Off-Peak': 3, 'Super Off-Peak': 9}","{'scenario_1': {'On-Peak': 0, 'Off-Peak': 144, 'Super Off-Peak': 192}, 'scenario_2': {'On-Peak': 0, 'Off-Peak': 144, 'Super Off-Peak': 192}, 'scenario_3': {'On-Peak': 0, 'Off-Peak': 144, 'Super Off-Peak': 192}, 'scenario_4': {'On-Peak': 0, 'Off-Peak': 144, 'Super Off-Peak': 192}}","{'power_requirement': 4457.05805257883, 'basic service fee': 766.91, 'subscription fee': 30124.37, 'commodity distribution cost': 174903.51553465426, 'electric monthly tc': 205794.79553465426}","{'power_requirement': 4457.05805257883, 'basic service fee': 766.91, 'subscription fee': 30124.37, 'commodity distribution cost': 174903.51553465426, 'electric monthly tc': 205794.79553465426}","{'power_requirement': 1000, 'basic service fee': 766.91, 'subscription fee': 6758.8, 'commodity distribution cost': 39241.92, 'electric monthly tc': 46767.63}","{'power_requirement': 1000, 'basic service fee': 766.91, 'subscription fee': 6758.8, 'commodity distribution cost': 39241.92, 'electric monthly tc': 46767.63}",10.590909090909092,4.36,719822.77,"{'charger_cover_scenarios_2_and_4_flag': 'false', 'charger_cover_scenarios_1_and_3_flag': 'false', 'available_transformer_capacity_flag': 'false'}"
Heavy Duty Pickup & Van - Class 3,14,250,Delivery Truck - Class 6-7,100,150,,,,5,100,5,100,9:00,21:00,"{'Monday': True, 'Tuesday': True, 'Wednesday': True, 'Thursday': True, 'Friday': True, 'Saturday': True, 'Sunday': True}",2026,3,,,,,114,18500,10,31,Winter,12888.43,"{'On-Peak': 5, 'Off-Peak': 2, 'Super Off-Peak': 5}","{'scenario_1': {'On-Peak': 155, 'Off-Peak': 172, 'Super Off-Peak': 45}, 'scenario_2': {'On-Peak': 0, 'Off-Peak': 172, 'Super Off-Peak': 45}, 'scenario_3': {'On-Peak': 155, 'Off-Peak': 172, 'Super Off-Peak': 45}, 'scenario_4': {'On-Peak': 0, 'Off-Peak': 172, 'Super Off-Peak': 45}}","{'power_requirement': 1074.035710762553, 'basic service fee': 766.91, 'subscription fee': 7259.2, 'commodity distribution cost': 79077.65136381573, 'electric monthly tc': 87103.76136381573}","{'power_requirement': 1841.2040755929481, 'basic service fee': 766.91, 'subscription fee': 12444.34, 'commodity distribution cost': 49032.46131568934, 'electric monthly tc': 62243.71131568934}","{'power_requirement': 1000, 'basic service fee': 766.91, 'subscription fee': 6758.8, 'commodity distribution cost': 73626.65000000001, 'electric monthly tc': 81152.36000000002}","{'power_requirement': 1000, 'basic service fee': 766.91, 'subscription fee': 6758.8, 'commodity distribution cost': 26630.649999999998, 'electric monthly tc': 34156.36}",8.517543859649123,4.36,293318.74,"{'charger_cover_scenarios_2_and_4_flag': 'false', 'charger_cover_scenarios_1_and_3_flag': 'false', 'available_transformer_capacity_flag': 'false'}"
Heavy Duty Pickup & Van - Class 3,30,250,School Bus - Class 7,15,100,,,,6,150,,,9:00,21:00,"{'Monday': True, 'Tuesday': True, 'Wednesday': True, 'Thursday': True, 'Friday': True, 'Saturday': True, 'Sunday': True}",2026,4,,,,,45,9000,6,30,Winter,7861.13,"{'On-Peak': 5, 'Off-Peak': 7, 'Super Off-Peak': 0}","{'scenario_1': {'On-Peak': 150, 'Off-Peak': 170, 'Super Off-Peak': 40}, 'scenario_2': {'On-Peak': 0, 'Off-Peak': 170, 'Super Off-Peak': 40}, 'scenario_3': {'On-Peak': 60, 'Off-Peak': 170, 'Super Off-Peak': 40}, 'scenario_4': {'On-Peak': 0, 'Off-Peak': 170, 'Super Off-Peak': 40}}","{'power_requirement': 655.0938418180727, 'basic service fee': 766.91, 'subscription fee': 4427.65, 'commodity distribution cost': 46714.348803741676, 'electric monthly tc': 51908.90880374167}","{'power_requirement': 1123.0180145452675, 'basic service fee': 766.91, 'subscription fee': 7590.26, 'commodity distribution cost': 29006.88150489553, 'electric monthly tc': 37364.05150489553}","{'power_requirement': 900, 'basic service fee': 766.91, 'subscription fee': 6082.92, 'commodity distribution cost': 39619.26, 'electric monthly tc': 46469.090000000004}","{'power_requirement': 900, 'basic service fee': 766.91, 'subscription fee': 6082.92, 'commodity distribution cost': 23246.46, 'electric monthly tc': 30096.29}",10.386666666666667,4.36,113242.21,"{'charger_cover_scenarios_2_and_4_flag': 'true', 'charger_cover_scenarios_1_and_3_flag': 'false', 'available_transformer_capacity_flag': 'false'}"
Heavy Duty Pickup & Van - Class 3,5,250,Regional Haul Tractor - Class 7-8,5,80,,,,6,150,,,16:00,21:00,"{'Monday': True, 'Tuesday': True, 'Wednesday': True, 'Thursday': True, 'Friday': True, 'Saturday': False, 'Sunday': False}",2026,5,,,,,10,1650,6,21,Winter,1333.7,"{'On-Peak': 5, 'Off-Peak': 0, 'Super Off-Peak': 0}","{'scenario_1': {'On-Peak': 105, 'Off-Peak': 0, 'Super Off-Peak': 0}, 'scenario_2': {'On-Peak': 0, 'Off-Peak': 0, 'Super Off-Peak': 0}, 'scenario_3': {'On-Peak': 42, 'Off-Peak': 0, 'Super Off-Peak': 0}, 'scenario_4': {'On-Peak': 0, 'Off-Peak': 0, 'Super Off-Peak': 0}}","{'power_requirement': 266.740975735231, 'basic service fee': 213.3, 'subscription fee': 1802.85, 'commodity distribution cost': 8491.965703506816, 'electric monthly tc': 10508.115703506815}","{'power_requirement': 0, 'basic service fee': 213.3, 'subscription fee': 0.0, 'commodity distribution cost': 0.0, 'electric monthly tc': 213.3}","{'power_requirement': 900, 'basic service fee': 766.91, 'subscription fee': 6082.92, 'commodity distribution cost': 11460.960000000001, 'electric monthly tc': 18310.79}","{'power_requirement': 900, 'basic service fee': 766.91, 'subscription fee': 6082.92, 'commodity distribution cost': 0.0, 'electric monthly tc': 6849.83}",8.675,4.36,17400.21,"{'charger_cover_scenarios_2_and_4_flag': 'true', 'charger_cover_scenarios_1_and_3_flag': 'false', 'available_transformer_capacity_flag': 'false'}"
Heavy Duty Pickup & Van - Class 3,5,250,Box Truck (Freight) - Class 8,10,50,,,,6,150,,,6:00,15:59,"{'Monday': True, 'Tuesday': True, 'Wednesday': True, 'Thursday': True, 'Friday': True, 'Saturday': False, 'Sunday': False}",2026,6,,,,,15,1750,6,22,Summer,1446.19,"{'On-Peak': 0, 'Off-Peak': 10, 'Super Off-Peak': 0}","{'scenario_1': {'On-Peak': 0, 'Off-Peak': 220, 'Super Off-Peak': 0}, 'scenario_2': {'On-Peak': 0, 'Off-Peak': 220, 'Super Off-Peak': 0}, 'scenario_3': {'On-Peak': 0, 'Off-Peak': 44, 'Super Off-Peak': 0}, 'scenario_4': {'On-Peak': 0, 'Off-Peak': 44, 'Super Off-Peak': 0}}","{'power_requirement': 144.61901884304785, 'basic service fee': 213.3, 'subscription fee': 977.34, 'commodity distribution cost': 3996.112728671098, 'electric monthly tc': 5186.752728671098}","{'power_requirement': 144.61901884304785, 'basic service fee': 213.3, 'subscription fee': 977.34, 'commodity distribution cost': 3996.112728671098, 'electric monthly tc': 5186.752728671098}","{'power_requirement': 900, 'basic service fee': 766.91, 'subscription fee': 6082.92, 'commodity distribution cost': 4973.759999999999, 'electric monthly tc': 11823.59}","{'power_requirement': 900, 'basic service fee': 766.91, 'subscription fee': 6082.92, 'commodity distribution cost': 4973.759999999999, 'electric monthly tc': 11823.59}",8.833333333333334,4.36,18987.02,"{'charger_cover_scenarios_2_and_4_flag': 'true', 'charger_cover_scenarios_1_and_3_flag': 'true', 'available_transformer_capacity_flag': 'false'}"
Heavy Duty Pickup & Van - Class 3,5,250,Long Haul Tractor - Class 8,5,150,,,,4,50,,,0:00,5:59,"{'Monday': True, 'Tuesday': True, 'Wednesday': True, 'Thursday': True, 'Friday': True, 'Saturday': False, 'Sunday': False}",2026,7,,,,,10,2000,4,23,Summer,1495.63,"{'On-Peak': 0, 'Off-Peak': 0, 'Super Off-Peak': 6}","{'scenario_1': {'On-Peak': 0, 'Off-Peak': 0, 'Super Off-Peak': 138}, 'scenario_2': {'On-Peak': 0, 'Off-Peak': 0, 'Super Off-Peak': 138}, 'scenario_3': {'On-Peak': 0, 'Off-Peak': 0, 'Super Off-Peak': 138}, 'scenario_4': {'On-Peak': 0, 'Off-Peak': 0, 'Super Off-Peak': 138}}","{'power_requirement': 249.27103335466893, 'basic service fee': 213.3, 'subscription fee': 1684.78, 'commodity distribution cost': 3967.2831021975676, 'electric monthly tc': 5865.363102197567}","{'power_requirement': 249.27103335466893, 'basic service fee': 213.3, 'subscription fee': 1684.78, 'commodity distribution cost': 3967.2831021975676, 'electric monthly tc': 5865.363102197567}","{'power_requirement': 200, 'basic service fee': 213.3, 'subscription fee': 1351.76, 'commodity distribution cost': 3183.108, 'electric monthly tc': 4748.168}","{'power_requirement': 200, 'basic service fee': 213.3, 'subscription fee': 1351.76, 'commodity distribution cost': 3183.108, 'electric monthly tc': 4748.168}",8.665000000000001,4.36,23126.51,"{'charger_cover_scenarios_2_and_4_flag': 'false', 'charger_cover_scenarios_1_and_3_flag': 'false', 'available_transformer_capacity_flag': 'false'}"
Heavy Duty Pickup & Van - Class 3,5,250,,,,,,,4,50,,,16:00,21:00,"{'Monday': False, 'Tuesday': False, 'Wednesday': False, 'Thursday': False, 'Friday': False, 'Saturday': True, 'Sunday': True}",2026,8,,,,,5,1250,4,10,Summer,1146.79,"{'On-Peak': 5, 'Off-Peak': 0, 'Super Off-Peak': 0}","{'scenario_1': {'On-Peak': 50, 'Off-Peak': 0, 'Super Off-Peak': 0}, 'scenario_2': {'On-Peak': 0, 'Off-Peak': 0, 'Super Off-Peak': 0}, 'scenario_3': {'On-Peak': 50, 'Off-Peak': 0, 'Super Off-Peak': 0}, 'scenario_4': {'On-Peak': 0, 'Off-Peak': 0, 'Super Off-Peak': 0}}","{'power_requirement': 229.35779816513758, 'basic service fee': 213.3, 'subscription fee': 1550.19, 'commodity distribution cost': 3356.7660550458713, 'electric monthly tc': 5120.256055045871}","{'power_requirement': 0, 'basic service fee': 213.3, 'subscription fee': 0.0, 'commodity distribution cost': 0.0, 'electric monthly tc': 213.3}","{'power_requirement': 200, 'basic service fee': 213.3, 'subscription fee': 1351.76, 'commodity distribution cost': 2927.1000000000004, 'electric monthly tc': 4492.16}","{'power_requirement': 200, 'basic service fee': 213.3, 'subscription fee': 1351.76, 'commodity distribution cost': 0.0, 'electric monthly tc': 1565.06}",11.5,4.36,4735.14,"{'charger_cover_scenarios_2_and_4_flag': 'false', 'charger_cover_scenarios_1_and_3_flag': 'false', 'available_transformer_capacity_flag': 'false'}"
Heavy Duty Pickup & Van - Class 3,5,250,,,,,,,4,50,,,21:00,23:59,"{'Monday': False, 'Tuesday': False, 'Wednesday': False, 'Thursday': False, 'Friday': False, 'Saturday': True, 'Sunday': True}",2026,9,,,,,5,1250,4,8,Summer,1146.79,"{'On-Peak': 0, 'Off-Peak': 3, 'Super Off-Peak': 0}","{'scenario_1': {'On-Peak': 0, 'Off-Peak': 24, 'Super Off-Peak': 0}, 'scenario_2': {'On-Peak': 0, 'Off-Peak': 24, 'Super Off-Peak': 0}, 'scenario_3': {'On-Peak': 0, 'Off-Peak': 24, 'Super Off-Peak': 0}, 'scenario_4': {'On-Peak': 0, 'Off-Peak': 24, 'Super Off-Peak': 0}}","{'power_requirement': 382.262996941896, 'basic service fee': 213.3, 'subscription fee': 2583.64, 'commodity distribution cost': 1152.2935779816512, 'electric monthly tc': 3949.2335779816513}","{'power_requirement': 382.262996941896, 'basic service fee': 213.3, 'subscription fee': 2583.64, 'commodity distribution cost': 1152.2935779816512, 'electric monthly tc': 3949.2335779816513}","{'power_requirement': 200, 'basic service fee': 213.3, 'subscription fee': 1351.76, 'commodity distribution cost': 602.88, 'electric monthly tc': 2167.94}","{'power_requirement': 200, 'basic service fee': 213.3, 'subscription fee': 1351.76, 'commodity distribution cost': 602.88, 'electric monthly tc': 2167.94}",11.5,4.36,3788.11,"{'charger_cover_scenarios_2_and_4_flag': 'false', 'charger_cover_scenarios_1_and_3_flag': 'false', 'available_transformer_capacity_flag': 'false'}"
Heavy Duty Pickup & Van - Class 3,5,250,,,,,,,5,100,,,0:00,13:59,"{'Monday': False, 'Tuesday': False, 'Wednesday': False, 'Thursday': False, 'Friday': False, 'Saturday': True, 'Sunday': True}",2026,10,,,,,5,1250,5,9,Summer,1146.79,"{'On-Peak': 0, 'Off-Peak': 0, 'Super Off-Peak': 14}","{'scenario_1': {'On-Peak': 0, 'Off-Peak': 0, 'Super Off-Peak': 126}, 'scenario_2': {'On-Peak': 0, 'Off-Peak': 0, 'Super Off-Peak': 126}, 'scenario_3': {'On-Peak': 0, 'Off-Peak': 0, 'Super Off-Peak': 27}, 'scenario_4': {'On-Peak': 0, 'Off-Peak': 0, 'Super Off-Peak': 27}}","{'power_requirement': 81.913499344692, 'basic service fee': 213.3, 'subscription fee': 553.58, 'commodity distribution cost': 1190.3325688073394, 'electric monthly tc': 1957.2125688073395}","{'power_requirement': 81.913499344692, 'basic service fee': 213.3, 'subscription fee': 553.58, 'commodity distribution cost': 1190.3325688073394, 'electric monthly tc': 1957.2125688073395}","{'power_requirement': 500, 'basic service fee': 213.3, 'subscription fee': 3379.4, 'commodity distribution cost': 1556.955, 'electric monthly tc': 5149.655000000001}","{'power_requirement': 500, 'basic service fee': 213.3, 'subscription fee': 3379.4, 'commodity distribution cost': 1556.955, 'electric monthly tc': 5149.655000000001}",11.5,4.36,4261.63,"{'charger_cover_scenarios_2_and_4_flag': 'true', 'charger_cover_scenarios_1_and_3_flag': 'true', 'available_transformer_capacity_flag': 'false'}"
Shuttle Bus - Class 3-5,5,80,,,,,,,5,100,,,15:00,6:00,"{'Monday': True, 'Tuesday': True, 'Wednesday': True, 'Thursday': True, 'Friday': True, 'Saturday': False, 'Sunday': False}",2027,1,,,,,5,400,5,21,Winter,194.17,"{'On-Peak': 5, 'Off-Peak': 4, 'Super Off-Peak': 6}","{'scenario_1': {'On-Peak': 105, 'Off-Peak': 84, 'Super Off-Peak': 126}, 'scenario_2': {'On-Peak': 0, 'Off-Peak': 84, 'Super Off-Peak': 126}, 'scenario_3': {'On-Peak': 0, 'Off-Peak': 21, 'Super Off-Peak': 0}, 'scenario_4': {'On-Peak': 0, 'Off-Peak': 21, 'Super Off-Peak': 0}}","{'power_requirement': 12.944983818770226, 'basic service fee': 213.3, 'subscription fee': 104.26, 'commodity distribution cost': 770.0733980582523, 'electric monthly tc': 1087.6333980582524}","{'power_requirement': 19.41747572815534, 'basic service fee': 213.3, 'subscription fee': 156.39, 'commodity distribution cost': 505.19067961165047, 'electric monthly tc': 874.8806796116505}","{'power_requirement': 500, 'basic service fee': 213.3, 'subscription fee': 4027.6, 'commodity distribution cost': 1416.03, 'electric monthly tc': 5656.929999999999}","{'power_requirement': 500, 'basic service fee': 213.3, 'subscription fee': 4027.6, 'commodity distribution cost': 1416.03, 'electric monthly tc': 5656.929999999999}",6.06,4.41,6117.58,"{'charger_cover_scenarios_2_and_4_flag': 'true', 'charger_cover_scenarios_1_and_3_flag': 'true', 'available_transformer_capacity_flag': 'false'}"
Delivery Van - Class 3-5,15,50,,,,,,,5,100,,,15:00,6:00,"{'Monday': True, 'Tuesday': True, 'Wednesday': True, 'Thursday': True, 'Friday': True, 'Saturday': False, 'Sunday': False}",2027,2,,,,,15,750,5,20,Winter,630.25,"{'On-Peak': 5, 'Off-Peak': 4, 'Super Off-Peak': 6}","{'scenario_1': {'On-Peak': 100, 'Off-Peak': 80, 'Super Off-Peak': 120}, 'scenario_2': {'On-Peak': 0, 'Off-Peak': 80, 'Super Off-Peak': 120}, 'scenario_3': {'On-Peak': 20, 'Off-Peak': 20, 'Super Off-Peak': 0}, 'scenario_4': {'On-Peak': 0, 'Off-Peak': 40, 'Super Off-Peak': 0}}","{'power_requirement': 42.01680672268908, 'basic service fee': 213.3, 'subscription fee': 338.41, 'commodity distribution cost': 2380.478991596639, 'electric monthly tc': 2932.188991596639}","{'power_requirement': 63.02521008403362, 'basic service fee': 213.3, 'subscription fee': 507.61, 'commodity distribution cost': 1561.6638655462189, 'electric monthly tc': 2282.573865546219}","{'power_requirement': 500, 'basic service fee': 213.3, 'subscription fee': 4027.6, 'commodity distribution cost': 4536.3, 'electric monthly tc': 8777.2}","{'power_requirement': 500, 'basic service fee': 213.3, 'subscription fee': 4027.6, 'commodity distribution cost': 2697.2000000000003, 'electric monthly tc': 6938.1}",10.5,4.41,6304.85,"{'charger_cover_scenarios_2_and_4_flag': 'true', 'charger_cover_scenarios_1_and_3_flag': 'true', 'available_transformer_capacity_flag': 'false'}"
Service Van - Class 3-5,5,150,,,,,,,5,100,,,15:00,6:00,"{'Monday': True, 'Tuesday': True, 'Wednesday': True, 'Thursday': True, 'Friday': True, 'Saturday': False, 'Sunday': False}",2027,3,,,,,5,750,5,23,Winter,630.25,"{'On-Peak': 5, 'Off-Peak': 4, 'Super Off-Peak': 6}","{'scenario_1': {'On-Peak': 115, 'Off-Peak': 92, 'Super Off-Peak': 138}, 'scenario_2': {'On-Peak': 0, 'Off-Peak': 92, 'Super Off-Peak': 138}, 'scenario_3': {'On-Peak': 23, 'Off-Peak': 23, 'Super Off-Peak': 0}, 'scenario_4': {'On-Peak': 0, 'Off-Peak': 46, 'Super Off-Peak': 0}}","{'power_requirement': 42.01680672268908, 'basic service fee': 213.3, 'subscription fee': 338.41, 'commodity distribution cost': 2737.550840336135, 'electric monthly tc': 3289.260840336135}","{'power_requirement': 63.02521008403362, 'basic service fee': 213.3, 'subscription fee': 507.61, 'commodity distribution cost': 1795.9134453781514, 'electric monthly tc': 2516.8234453781515}","{'power_requirement': 500, 'basic service fee': 213.3, 'subscription fee': 4027.6, 'commodity distribution cost': 5216.745, 'electric monthly tc': 9457.645}","{'power_requirement': 500, 'basic service fee': 213.3, 'subscription fee': 4027.6, 'commodity distribution cost': 3101.78, 'electric monthly tc': 7342.68}",10.5,4.41,7250.58,"{'charger_cover_scenarios_2_and_4_flag': 'true', 'charger_cover_scenarios_1_and_3_flag': 'true', 'available_transformer_capacity_flag': 'false'}"
Box Truck (Freight) - Class 3-5,10,200,Service Van - Class 3-5,5,150,,,,5,100,5,100,15:00,6:00,"{'Monday': True, 'Tuesday': True, 'Wednesday': True, 'Thursday': True, 'Friday': True, 'Saturday': False, 'Sunday': False}",2027,4,,,,,15,2750,10,22,Winter,2465.11,"{'On-Peak': 5, 'Off-Peak': 4, 'Super Off-Peak': 6}","{'scenario_1': {'On-Peak': 110, 'Off-Peak': 88, 'Super Off-Peak': 132}, 'scenario_2': {'On-Peak': 0, 'Off-Peak': 88, 'Super Off-Peak': 132}, 'scenario_3': {'On-Peak': 44, 'Off-Peak': 22, 'Super Off-Peak': 0}, 'scenario_4': {'On-Peak': 0, 'Off-Peak': 66, 'Super Off-Peak': 0}}","{'power_requirement': 164.3409657440958, 'basic service fee': 213.3, 'subscription fee': 1323.8, 'commodity distribution cost': 10241.88346567985, 'electric monthly tc': 11778.98346567985}","{'power_requirement': 246.5114486161437, 'basic service fee': 213.3, 'subscription fee': 1985.7, 'commodity distribution cost': 6718.975206229281, 'electric monthly tc': 8917.975206229281}","{'power_requirement': 1000, 'basic service fee': 766.91, 'subscription fee': 8055.2, 'commodity distribution cost': 16992.8, 'electric monthly tc': 25814.91}","{'power_requirement': 1000, 'basic service fee': 766.91, 'subscription fee': 8055.2, 'commodity distribution cost': 8900.76, 'electric monthly tc': 17722.870000000003}",11.166666666666666,4.41,23911.39,"{'charger_cover_scenarios_2_and_4_flag': 'true', 'charger_cover_scenarios_1_and_3_flag': 'true', 'available_transformer_capacity_flag': 'false'}"
Stake Truck - Class 3-5,500,100,Stake Truck - Class 6-7,15,80,,,,5,100,5,100,15:00,6:00,"{'Monday': True, 'Tuesday': True, 'Wednesday': True, 'Thursday': True, 'Friday': True, 'Saturday': False, 'Sunday': False}",2027,5,,,,,515,51200,10,21,Winter,42791.0,"{'On-Peak': 5, 'Off-Peak': 4, 'Super Off-Peak': 6}","{'scenario_1': {'On-Peak': 105, 'Off-Peak': 84, 'Super Off-Peak': 126}, 'scenario_2': {'On-Peak': 0, 'Off-Peak': 84, 'Super Off-Peak': 126}, 'scenario_3': {'On-Peak': 105, 'Off-Peak': 84, 'Super Off-Peak': 126}, 'scenario_4': {'On-Peak': 0, 'Off-Peak': 84, 'Super Off-Peak': 126}}","{'power_requirement': 2852.7333514050783, 'basic service fee': 766.91, 'subscription fee': 22979.34, 'commodity distribution cost': 169703.88657305506, 'electric monthly tc': 193450.13657305506}","{'power_requirement': 4279.100027107617, 'basic service fee': 766.91, 'subscription fee': 34469.01, 'commodity distribution cost': 111330.71471726755, 'electric monthly tc': 146566.63471726756}","{'power_requirement': 1000, 'basic service fee': 766.91, 'subscription fee': 8055.2, 'commodity distribution cost': 59488.17, 'electric monthly tc': 68310.28}","{'power_requirement': 1000, 'basic service fee': 766.91, 'subscription fee': 8055.2, 'commodity distribution cost': 26017.32, 'electric monthly tc': 34839.43}",10.430097087378641,4.41,454960.81,"{'charger_cover_scenarios_2_and_4_flag': 'false', 'charger_cover_scenarios_1_and_3_flag': 'false', 'available_transformer_capacity_flag': 'false'}"
Stake Truck - Class 6-7,15,80,Service Truck - Class 6-7,5,200,,,,5,100,6,150,15:00,6:00,"{'Monday': True, 'Tuesday': True, 'Wednesday': True, 'Thursday': True, 'Friday': True, 'Saturday': False, 'Sunday': False}",2027,6,,,,,20,2200,11,22,Summer,1419.35,"{'On-Peak': 5, 'Off-Peak': 4, 'Super Off-Peak': 6}","{'scenario_1': {'On-Peak': 110, 'Off-Peak': 88, 'Super Off-Peak': 132}, 'scenario_2': {'On-Peak': 0, 'Off-Peak': 88, 'Super Off-Peak': 132}, 'scenario_3': {'On-Peak': 22, 'Off-Peak': 22, 'Super Off-Peak': 0}, 'scenario_4': {'On-Peak': 0, 'Off-Peak': 44, 'Super Off-Peak': 0}}","{'power_requirement': 94.62365591397848, 'basic service fee': 213.3, 'subscription fee': 762.1, 'commodity distribution cost': 5867.453935483871, 'electric monthly tc': 6842.85393548387}","{'power_requirement': 141.93548387096774, 'basic service fee': 213.3, 'subscription fee': 1143.15, 'commodity distribution cost': 3990.533161290323, 'electric monthly tc': 5346.983161290323}","{'power_requirement': 1400, 'basic service fee': 766.91, 'subscription fee': 11277.28, 'commodity distribution cost': 13657.952, 'electric monthly tc': 25702.142}","{'power_requirement': 1400, 'basic service fee': 766.91, 'subscription fee': 11277.28, 'commodity distribution cost': 8335.712, 'electric monthly tc': 20379.902000000002}",8.1,4.41,26371.41,"{'charger_cover_scenarios_2_and_4_flag': 'true', 'charger_cover_scenarios_1_and_3_flag': 'true', 'available_transformer_capacity_flag': 'false'}"
Box Truck (Freight) - Class 6-7,5,50,,,,,,,5,100,6,150,15:00,6:00,"{'Monday': True, 'Tuesday': True, 'Wednesday': True, 'Thursday': True, 'Friday': True, 'Saturday': False, 'Sunday': False}",2027,7,,,,,5,250,11,22,Summer,173.61,"{'On-Peak': 5, 'Off-Peak': 4, 'Super Off-Peak': 6}","{'scenario_1': {'On-Peak': 110, 'Off-Peak': 88, 'Super Off-Peak': 132}, 'scenario_2': {'On-Peak': 0, 'Off-Peak': 88, 'Super Off-Peak': 132}, 'scenario_3': {'On-Peak': 0, 'Off-Peak': 22, 'Super Off-Peak': 0}, 'scenario_4': {'On-Peak': 0, 'Off-Peak': 22, 'Super Off-Peak': 0}}","{'power_requirement': 11.574074074074074, 'basic service fee': 213.3, 'subscription fee': 93.22, 'commodity distribution cost': 717.6888888888889, 'electric monthly tc': 1024.2088888888889}","{'power_requirement': 17.36111111111111, 'basic service fee': 213.3, 'subscription fee': 139.83, 'commodity distribution cost': 488.1097222222222, 'electric monthly tc': 841.2397222222222}","{'power_requirement': 1400, 'basic service fee': 766.91, 'subscription fee': 11277.28, 'commodity distribution cost': 4167.856, 'electric monthly tc': 16212.046}","{'power_requirement': 1400, 'basic service fee': 766.91, 'subscription fee': 11277.28, 'commodity distribution cost': 4167.856, 'electric monthly tc': 16212.046}",8.7,4.41,2790.08,"{'charger_cover_scenarios_2_and_4_flag': 'true', 'charger_cover_scenarios_1_and_3_flag': 'true', 'available_transformer_capacity_flag': 'false'}"
Delivery Truck - Class 6-7,100,150,,,,,,,5,100,6,150,15:00,6:00,"{'Monday': True, 'Tuesday': True, 'Wednesday': True, 'Thursday': True, 'Friday': True, 'Saturday': False, 'Sunday': False}",2027,8,,,,,100,15000,11,22,Summer,9677.42,"{'On-Peak': 5, 'Off-Peak': 4, 'Super Off-Peak': 6}","{'scenario_1': {'On-Peak': 110, 'Off-Peak': 88, 'Super Off-Peak': 132}, 'scenario_2': {'On-Peak': 0, 'Off-Peak': 88, 'Super Off-Peak': 132}, 'scenario_3': {'On-Peak': 110, 'Off-Peak': 44, 'Super Off-Peak': 0}, 'scenario_4': {'On-Peak': 0, 'Off-Peak': 88, 'Super Off-Peak': 66}}","{'power_requirement': 645.1612903225807, 'basic service fee': 766.91, 'subscription fee': 5196.91, 'commodity distribution cost': 40005.367741935486, 'electric monthly tc': 45969.187741935486}","{'power_requirement': 967.741935483871, 'basic service fee': 766.91, 'subscription fee': 7795.36, 'commodity distribution cost': 27208.18064516129, 'electric monthly tc': 35770.45064516129}","{'power_requirement': 1400, 'basic service fee': 766.91, 'subscription fee': 11277.28, 'commodity distribution cost': 55786.192, 'electric monthly tc': 67830.382}","{'power_requirement': 1400, 'basic service fee': 766.91, 'subscription fee': 11277.28, 'commodity distribution cost': 28016.296, 'electric monthly tc': 40060.486}",8.1,4.41,179805.1,"{'charger_cover_scenarios_2_and_4_flag': 'true', 'charger_cover_scenarios_1_and_3_flag': 'true', 'available_transformer_capacity_flag': 'false'}"
Service Truck - Class 6-7,5,200,,,,,,,5,100,4,50,15:00,6:00,"{'Monday': True, 'Tuesday': True, 'Wednesday': True, 'Thursday': True, 'Friday': True, 'Saturday': False, 'Sunday': False}",2027,9,,,,,5,1000,9,22,Summer,645.16,"{'On-Peak': 5, 'Off-Peak': 4, 'Super Off-Peak': 6}","{'scenario_1': {'On-Peak': 110, 'Off-Peak': 88, 'Super Off-Peak': 132}, 'scenario_2': {'On-Peak': 0, 'Off-Peak': 88, 'Super Off-Peak': 132}, 'scenario_3': {'On-Peak': 0, 'Off-Peak': 22, 'Super Off-Peak': 0}, 'scenario_4': {'On-Peak': 0, 'Off-Peak': 22, 'Super Off-Peak': 0}}","{'power_requirement': 43.01075268817204, 'basic service fee': 213.3, 'subscription fee': 346.41, 'commodity distribution cost': 2667.0245161290322, 'electric monthly tc': 3226.7345161290323}","{'power_requirement': 64.51612903225806, 'basic service fee': 213.3, 'subscription fee': 519.62, 'commodity distribution cost': 1813.878709677419, 'electric monthly tc': 2546.798709677419}","{'power_requirement': 700, 'basic service fee': 766.91, 'subscription fee': 5638.64, 'commodity distribution cost': 2083.928, 'electric monthly tc': 8489.478}","{'power_requirement': 700, 'basic service fee': 766.91, 'subscription fee': 5638.64, 'commodity distribution cost': 2083.928, 'electric monthly tc': 8489.478}",8.1,4.41,11987.01,"{'charger_cover_scenarios_2_and_4_flag': 'true', 'charger_cover_scenarios_1_and_3_flag': 'true', 'available_transformer_capacity_flag': 'false'}"
School Bus - Class 7,15,100,,,,,,,5,100,4,50,15:00,6:00,"{'Monday': True, 'Tuesday': True, 'Wednesday': True, 'Thursday': True, 'Friday': True, 'Saturday': False, 'Sunday': False}",2027,10,,,,,15,1500,9,21,Summer,980.39,"{'On-Peak': 5, 'Off-Peak': 4, 'Super Off-Peak': 6}","{'scenario_1': {'On-Peak': 105, 'Off-Peak': 84, 'Super Off-Peak': 126}, 'scenario_2': {'On-Peak': 0, 'Off-Peak': 84, 'Super Off-Peak': 126}, 'scenario_3': {'On-Peak': 21, 'Off-Peak': 21, 'Super Off-Peak': 0}, 'scenario_4': {'On-Peak': 0, 'Off-Peak': 42, 'Super Off-Peak': 0}}","{'power_requirement': 65.359477124183, 'basic service fee': 213.3, 'subscription fee': 526.41, 'commodity distribution cost': 3868.6117647058823, 'electric monthly tc': 4608.321764705883}","{'power_requirement': 98.0392156862745, 'basic service fee': 213.3, 'subscription fee': 789.61, 'commodity distribution cost': 2631.0941176470587, 'electric monthly tc': 3634.0041176470586}","{'power_requirement': 700, 'basic service fee': 766.91, 'subscription fee': 5638.64, 'commodity distribution cost': 6518.568, 'electric monthly tc': 12924.118}","{'power_requirement': 700, 'basic service fee': 766.91, 'subscription fee': 5638.64, 'commodity distribution cost': 3978.408, 'electric monthly tc': 10383.958}",8.16,4.41,17037.01,"{'charger_cover_scenarios_2_and_4_flag': 'true', 'charger_cover_scenarios_1_and_3_flag': 'true', 'available_transformer_capacity_flag': 'false'}"
Regional Haul Tractor - Class 7-8,5,80,Transit Bus - Class 8,150,200,,,,5,100,4,50,15:00,6:00,"{'Monday': True, 'Tuesday': True, 'Wednesday': True, 'Thursday': True, 'Friday': True, 'Saturday': False, 'Sunday': False}",2027,11,,,,,155,30400,9,22,Winter,15038.4,"{'On-Peak': 5, 'Off-Peak': 4, 'Super Off-Peak': 6}","{'scenario_1': {'On-Peak': 110, 'Off-Peak': 88, 'Super Off-Peak': 132}, 'scenario_2': {'On-Peak': 0, 'Off-Peak': 88, 'Super Off-Peak': 132}, 'scenario_3': {'On-Peak': 110, 'Off-Peak': 88, 'Super Off-Peak': 132}, 'scenario_4': {'On-Peak': 0, 'Off-Peak': 88, 'Super Off-Peak': 132}}","{'power_requirement': 1002.5600690910213, 'basic service fee': 766.91, 'subscription fee': 8075.83, 'commodity distribution cost': 62480.485912217395, 'electric monthly tc': 71323.2259122174}","{'power_requirement': 1503.840103636532, 'basic service fee': 766.91, 'subscription fee': 12113.74, 'commodity distribution cost': 40989.02678634219, 'electric monthly tc': 53869.67678634219}","{'power_requirement': 700, 'basic service fee': 766.91, 'subscription fee': 5638.64, 'commodity distribution cost': 43624.657999999996, 'electric monthly tc': 50030.208}","{'power_requirement': 700, 'basic service fee': 766.91, 'subscription fee': 5638.64, 'commodity distribution cost': 19079.368000000002, 'electric monthly tc': 25484.918}",6.179032258064517,4.41,477693.01,"{'charger_cover_scenarios_2_and_4_flag': 'false', 'charger_cover_scenarios_1_and_3_flag': 'false', 'available_transformer_capacity_flag': 'false'}"
Box Truck (Freight) - Class 8,10,50,Refuse Hauler - Class 8,20,100,,,,5,100,5,100,15:00,6:00,"{'Monday': True, 'Tuesday': True, 'Wednesday': True, 'Thursday': True, 'Friday': True, 'Saturday': False, 'Sunday': False}",2027,12,,,,,30,2500,10,23,Winter,1212.64,"{'On-Peak': 5, 'Off-Peak': 4, 'Super Off-Peak': 6}","{'scenario_1': {'On-Peak': 115, 'Off-Peak': 92, 'Super Off-Peak': 138}, 'scenario_2': {'On-Peak': 0, 'Off-Peak': 92, 'Super Off-Peak': 138}, 'scenario_3': {'On-Peak': 23, 'Off-Peak': 23, 'Super Off-Peak': 0}, 'scenario_4': {'On-Peak': 0, 'Off-Peak': 46, 'Super Off-Peak': 0}}","{'power_requirement': 80.84288044914736, 'basic service fee': 213.3, 'subscription fee': 651.11, 'commodity distribution cost': 5267.213588348417, 'electric monthly tc': 6131.623588348417}","{'power_requirement': 121.26432067372104, 'basic service fee': 213.3, 'subscription fee': 976.67, 'commodity distribution cost': 3455.446219888989, 'electric monthly tc': 4645.416219888989}","{'power_requirement': 1000, 'basic service fee': 766.91, 'subscription fee': 8055.2, 'commodity distribution cost': 10433.49, 'electric monthly tc': 19255.6}","{'power_requirement': 1000, 'basic service fee': 766.91, 'subscription fee': 8055.2, 'commodity distribution cost': 6203.56, 'electric monthly tc': 15025.670000000002}",6.313333333333333,4.41,40195.94,"{'charger_cover_scenarios_2_and_4_flag': 'true', 'charger_cover_scenarios_1_and_3_flag': 'true', 'available_transformer_capacity_flag': 'false'}"
Long Haul Tractor - Class 8,5,150,Dump Truck - Class 8,200,80,,,,5,100,2,20,15:00,6:00,"{'Monday': True, 'Tuesday': True, 'Wednesday': True, 'Thursday': True, 'Friday': True, 'Saturday': False, 'Sunday': False}",2028,2,,,,,205,16750,7,21,Winter,9188.62,"{'On-Peak': 5, 'Off-Peak': 4, 'Super Off-Peak': 6}","{'scenario_1': {'On-Peak': 105, 'Off-Peak': 84, 'Super Off-Peak': 126}, 'scenario_2': {'On-Peak': 0, 'Off-Peak': 84, 'Super Off-Peak': 126}, 'scenario_3': {'On-Peak': 105, 'Off-Peak': 84, 'Super Off-Peak': 126}, 'scenario_4': {'On-Peak': 0, 'Off-Peak': 84, 'Super Off-Peak': 126}}","{'power_requirement': 612.5744143218126, 'basic service fee': 766.91, 'subscription fee': 5728.56, 'commodity distribution cost': 38415.693162019794, 'electric monthly tc': 44911.163162019795}","{'power_requirement': 918.8616214827189, 'basic service fee': 766.91, 'subscription fee': 8592.83, 'commodity distribution cost': 25366.259317743803, 'electric monthly tc': 34725.9993177438}","{'power_requirement': 540, 'basic service fee': 766.91, 'subscription fee': 5049.87, 'commodity distribution cost': 33864.4152, 'electric monthly tc': 39681.1952}","{'power_requirement': 540, 'basic service fee': 766.91, 'subscription fee': 5049.87, 'commodity distribution cost': 14907.3372, 'electric monthly tc': 20724.1172}",6.87390243902439,4.47,228800.07,"{'charger_cover_scenarios_2_and_4_flag': 'false', 'charger_cover_scenarios_1_and_3_flag': 'false', 'available_transformer_capacity_flag': 'false'}"
Transit Bus - Class 8,150,200,Heavy Duty Pickup & Van - Class 2B,1,200,,,,5,100,2,20,15:00,6:00,"{'Monday': True, 'Tuesday': True, 'Wednesday': True, 'Thursday': True, 'Friday': True, 'Saturday': False, 'Sunday': False}",2029,3,,,,,151,30200,7,22,Winter,15034.97,"{'On-Peak': 5, 'Off-Peak': 4, 'Super Off-Peak': 6}","{'scenario_1': {'On-Peak': 110, 'Off-Peak': 88, 'Super Off-Peak': 132}, 'scenario_2': {'On-Peak': 0, 'Off-Peak': 88, 'Super Off-Peak': 132}, 'scenario_3': {'On-Peak': 110, 'Off-Peak': 88, 'Super Off-Peak': 132}, 'scenario_4': {'On-Peak': 0, 'Off-Peak': 88, 'Super Off-Peak': 132}}","{'power_requirement': 1002.3314258031309, 'basic service fee': 766.91, 'subscription fee': 10672.83, 'commodity distribution cost': 69236.42412329308, 'electric monthly tc': 80676.16412329309}","{'power_requirement': 1503.4971387046962, 'basic service fee': 766.91, 'subscription fee': 16009.24, 'commodity distribution cost': 45984.88096648197, 'electric monthly tc': 62761.03096648197}","{'power_requirement': 540, 'basic service fee': 766.91, 'subscription fee': 5749.92, 'commodity distribution cost': 37300.7052, 'electric monthly tc': 43817.5352}","{'power_requirement': 540, 'basic service fee': 766.91, 'subscription fee': 5749.92, 'commodity distribution cost': 16516.0512, 'electric monthly tc': 23032.881200000003}",6.249006622516557,4.53,481610.95,"{'charger_cover_scenarios_2_and_4_flag': 'false', 'charger_cover_scenarios_1_and_3_flag': 'false', 'available_transformer_capacity_flag': 'false'}"
Refuse Hauler - Class 8,20,100,,,,,,,5,100,,,15:00,6:00,"{'Monday': True, 'Tuesday': True, 'Wednesday': True, 'Thursday': True, 'Friday': True, 'Saturday': False, 'Sunday': False}",2030,4,,,,,20,2000,5,22,Winter,913.24,"{'On-Peak': 5, 'Off-Peak': 4, 'Super Off-Peak': 6}","{'scenario_1': {'On-Peak': 110, 'Off-Peak': 88, 'Super Off-Peak': 132}, 'scenario_2': {'On-Peak': 0, 'Off-Peak': 88, 'Super Off-Peak': 132}, 'scenario_3': {'On-Peak': 22, 'Off-Peak': 22, 'Super Off-Peak': 0}, 'scenario_4': {'On-Peak': 0, 'Off-Peak': 44, 'Super Off-Peak': 0}}","{'power_requirement': 60.882800608828006, 'basic service fee': 213.3, 'subscription fee': 727.07, 'commodity distribution cost': 4411.117199391172, 'electric monthly tc': 5351.487199391172}","{'power_requirement': 91.32420091324201, 'basic service fee': 213.3, 'subscription fee': 1090.6, 'commodity distribution cost': 2945.187214611872, 'electric monthly tc': 4249.087214611872}","{'power_requirement': 500, 'basic service fee': 213.3, 'subscription fee': 5972.21, 'commodity distribution cost': 5792.82, 'electric monthly tc': 11978.33}","{'power_requirement': 500, 'basic service fee': 213.3, 'subscription fee': 5972.21, 'commodity distribution cost': 3545.08, 'electric monthly tc': 9730.59}",5.72,4.59,35300.97,"{'charger_cover_scenarios_2_and_4_flag': 'true', 'charger_cover_scenarios_1_and_3_flag': 'true', 'available_transformer_capacity_flag': 'false'}"
Dump Truck - Class 8,200,80,,,,,,,5,100,,,15:00,6:00,"{'Monday': True, 'Tuesday': True, 'Wednesday': True, 'Thursday': True, 'Friday': True, 'Saturday': False, 'Sunday': False}",2031,5,,,,,200,16000,5,22,Winter,8839.78,"{'On-Peak': 5, 'Off-Peak': 4, 'Super Off-Peak': 6}","{'scenario_1': {'On-Peak': 110, 'Off-Peak': 88, 'Super Off-Peak': 132}, 'scenario_2': {'On-Peak': 0, 'Off-Peak': 88, 'Super Off-Peak': 132}, 'scenario_3': {'On-Peak': 110, 'Off-Peak': 88, 'Super Off-Peak': 132}, 'scenario_4': {'On-Peak': 0, 'Off-Peak': 88, 'Super Off-Peak': 132}}","{'power_requirement': 589.3186003683242, 'basic service fee': 766.91, 'subscription fee': 7803.05, 'commodity distribution cost': 44687.92338858195, 'electric monthly tc': 53257.88338858195}","{'power_requirement': 883.9779005524863, 'basic service fee': 766.91, 'subscription fee': 11704.58, 'commodity distribution cost': 29979.5093922652, 'electric monthly tc': 42450.9993922652}","{'power_requirement': 500, 'basic service fee': 213.3, 'subscription fee': 6620.4, 'commodity distribution cost': 37914.91, 'electric monthly tc': 44748.61}","{'power_requirement': 500, 'basic service fee': 213.3, 'subscription fee': 6620.4, 'commodity distribution cost': 16957.16, 'electric monthly tc': 23790.86}",6.9,4.65,237178.83,"{'charger_cover_scenarios_2_and_4_flag': 'false', 'charger_cover_scenarios_1_and_3_flag': 'false', 'available_transformer_capacity_flag': 'false'}"
